Agar Malwa,Madhya Pradesh
Alirajpur,Madhya Pradesh
Anuppur,Madhya Pradesh
Ashok Nagar,Madhya Pradesh
Balaghat,Madhya Pradesh
Barwani,Madhya Pradesh
Betul,Madhya Pradesh
Bhind,Madhya Pradesh
Bhopal,Madhya Pradesh
Burhanpur,Madhya Pradesh
Chachaura-Binaganj,Madhya Pradesh
Chhatarpur,Madhya Pradesh
Chhindwara,Madhya Pradesh
Damoh,Madhya Pradesh
Datia,Madhya Pradesh
Dewas,Madhya Pradesh
Dhar,Madhya Pradesh
Dindori,Madhya Pradesh
Guna,Madhya Pradesh
Gwalior,Madhya Pradesh
Harda,Madhya Pradesh
Hoshangabad,Madhya Pradesh
Indore,Madhya Pradesh
Jabalpur,Madhya Pradesh
Jhabua ,Madhya Pradesh
Katni,Madhya Pradesh
Khandwa,Madhya Pradesh
Khargone,Madhya Pradesh
Maihar,Madhya Pradesh
Mandla,Madhya Pradesh
Mandsaur,Madhya Pradesh
Morena,Madhya Pradesh
Narsinghpur,Madhya Pradesh
Nagda,Madhya Pradesh
Neemuch,Madhya Pradesh
Niwari,Madhya Pradesh
Panna,Madhya Pradesh
Raisen,Madhya Pradesh
Rajgarh,Madhya Pradesh
Ratlam,Madhya Pradesh
Rewa,Madhya Pradesh
Sagar,Madhya Pradesh
Satna,Madhya Pradesh
Sehore,Madhya Pradesh
Seoni,Madhya Pradesh
Shahdol,Madhya Pradesh
Shajapur,Madhya Pradesh
Sheopur,Madhya Pradesh
Shivpuri,Madhya Pradesh
Sidhi,Madhya Pradesh
Singrauli,Madhya Pradesh
Tikamgarh,Madhya Pradesh
Ujjain,Madhya Pradesh
Umaria,Madhya Pradesh
Vidisha,Madhya Pradesh
Ahmednagar,Maharashtra
Akola,Maharashtra
Amravati,Maharashtra
Aurangabad,Maharashtra
Beed,Maharashtra
Bhandara,Maharashtra
Buldhana,Maharashtra
Chandrapur,Maharashtra
Dhule,Maharashtra
Gadchiroli,Maharashtra
Gondia,Maharashtra
Hingoli,Maharashtra
Jalgaon,Maharashtra
Jalna,Maharashtra
Kolhapur,Maharashtra
Latur,Maharashtra
Mumbai City,Maharashtra
Mumbai suburban,Maharashtra
Nanded,Maharashtra
Nandurbar,Maharashtra
Nagpur,Maharashtra
Nashik,Maharashtra
Osmanabad,Maharashtra
Palghar,Maharashtra
Parbhani,Maharashtra
Pune,Maharashtra
Raigad,Maharashtra
Ratnagiri,Maharashtra
Sangli,Maharashtra
Satara,Maharashtra
Sindhudurg,Maharashtra
Solapur,Maharashtra
Thane,Maharashtra
Wardha,Maharashtra
Washim,Maharashtra
Yavatmal,Maharashtra
Ajmer,Rajasthan
Alwar ,Rajasthan
Bikaner,Rajasthan
Barmer,Rajasthan
Banswara,Rajasthan
Bharatpur,Rajasthan
Baran,Rajasthan
Bundi,Rajasthan
Bhilwara,Rajasthan
Churu,Rajasthan
Chittorgarh,Rajasthan
Dausa,Rajasthan
Dholpur,Rajasthan
Dungarpur,Rajasthan
Ganganagar,Rajasthan
Ganganagar,Rajasthan
Hanumangarh,Rajasthan
Jhunjhunu,Rajasthan
Jalore,Rajasthan
Jodhpur,Rajasthan
Jaipur,Rajasthan
Jaisalmer,Rajasthan
Jhalawar,Rajasthan
Karauli,Rajasthan
Kota,Rajasthan
Nagaur,Rajasthan
'Pali,Rajasthan
Pratapgarh,Rajasthan
Rajsamand,Rajasthan
Sikar,Rajasthan
Sawai Madhopur,Rajasthan
Sirohi,Rajasthan
Tonk,Rajasthan
Udaipur,Rajasthan
Agra,Uttar Pradesh
Aligarh,Uttar Pradesh
Prayagraj,Uttar Pradesh
Ambedkar Nagar,Uttar Pradesh
Amethi,Uttar Pradesh
Amroha,Uttar Pradesh
Auraiya,Uttar Pradesh
Azamgarh,Uttar Pradesh
Bagpat,Uttar Pradesh
Bahraich,Uttar Pradesh
Ballia,Uttar Pradesh
Balrampur,Uttar Pradesh
Banda,Uttar Pradesh
Barabanki,Uttar Pradesh
Bareilly,Uttar Pradesh
 Basti,Uttar Pradesh
Bhadohi,Uttar Pradesh
Bijnor,Uttar Pradesh
Budaun,Uttar Pradesh
Bulandshahr,Uttar Pradesh
Chandauli,Uttar Pradesh
Chitrakoot,Uttar Pradesh
Deoria,Uttar Pradesh
Etah,Uttar Pradesh
Etawah,Uttar Pradesh
Ayodhya,Uttar Pradesh
Farrukhabad,Uttar Pradesh
Fatehpur,Uttar Pradesh
Firozabad,Uttar Pradesh
Gautam Buddh Nagar,Uttar Pradesh
Ghaziabad,Uttar Pradesh
Ghazipur,Uttar Pradesh
Gonda,Uttar Pradesh
Gorakhpur,Uttar Pradesh
Hamirpur,Uttar Pradesh
Hardoi,Uttar Pradesh
Hathras,Uttar Pradesh
Jalaun,Uttar Pradesh
Jaunpur,Uttar Pradesh
Jhansi,Uttar Pradesh
Kannauj,Uttar Pradesh
Kanpur Dehat,Uttar Pradesh
Kanpur Nagar,Uttar Pradesh
Kasganj,Uttar Pradesh
Kaushambi,Uttar Pradesh
Kushinagar,Uttar Pradesh
Lakhimpur Kheri,Uttar Pradesh
Lalitpur,Uttar Pradesh
Lucknow,Uttar Pradesh
Maharajganj,Uttar Pradesh
Mahoba,Uttar Pradesh
Mainpuri,Uttar Pradesh
Mathura,Uttar Pradesh
Mau,Uttar Pradesh
Meerut,Uttar Pradesh
Mirzapur,Uttar Pradesh
Moradabad,Uttar Pradesh
Muzaffarnagar,Uttar Pradesh
Pilibhit,Uttar Pradesh
Pratapgarh,Uttar Pradesh
Raebareli,Uttar Pradesh
Rampur,Uttar Pradesh
Saharanpur,Uttar Pradesh
Sambhal,Uttar Pradesh
Sant Kabir Nagar,Uttar Pradesh
Shahjahanpur,Uttar Pradesh
Shamli,Uttar Pradesh
Shravasti,Uttar Pradesh
Siddharthnagar,Uttar Pradesh
Sitapur,Uttar Pradesh
Sonbhadra,Uttar Pradesh
Sultanpur,Uttar Pradesh
Unnao,Uttar Pradesh
Varanasi,Uttar Pradesh
Ahmedabad,Gujarat
Amreli,Gujarat
Anand,Gujarat
Aravalli,Gujarat
Banaskantha,Gujarat
Bharuch,Gujarat
Bharuch,Gujarat
Botad,Gujarat
Varanasi,Gujarat
Chhota Udepur,Gujarat
Dang,Gujarat
Devbhoomi Dwarka,Gujarat
Gandhinagar,Gujarat
Gir Somnath,Gujarat
Jamnagar,Gujarat
Junagadh,Gujarat
Kheda,Gujarat
Kutch,Gujarat
Mahisagar,Gujarat
Mehsana,Gujarat
Morbi,Gujarat
Narmada,Gujarat
Navsari,Gujarat
Panchmahal,Gujarat
Patan,Gujarat
Porbandar,Gujarat
Rajkot,Gujarat
Sabarkantha,Gujarat
Surat,Gujarat
Surendranagar,Gujarat
Tapi,Gujarat
Vadodara,Gujarat
Valsad,Gujarat
